Barcodes,Sets,Types,Timepoint,Position,FileName
ATCACG,8,S24,0,ATCACG,ATCACG-s_5_1
TTAGGC,8,S24,1,TTAGGC,TTAGGC-s_5_1
CAGATC,8,S24,2,CAGATC,CAGATC-s_5_1
ACAGTG,9,S24,0,ACAGTG,ACAGTG-s_5_1
GCCAAT,9,S24,1,GCCAAT,GCCAAT-s_5_1
CTTGTA,9,S24,2,CTTGTA,CTTGTA-s_5_1
CGATGT,8,L24,0,CGATGT,CGATGT-s_6_1
TGACCA,8,L24,1,TGACCA,TGACCA-s_6_1
ACTTGA,8,L24,2,ACTTGA,ACTTGA-s_6_1
GATCAG,9,L24,0,GATCAG,GATCAG-s_6_1
TAGCTT,9,L24,1,TAGCTT,TAGCTT-s_6_1
GGCTAC,9,L24,2,GGCTAC,GGCTAC-s_6_1
ACAGTG,8,S15,0,ACAGTG,ACAGTG-s_7_1
GCCAAT,8,S15,1,GCCAAT,GCCAAT-s_7_1
CTTGTA,8,S15,2,CTTGTA,CTTGTA-s_7_1
CGATGT,9,totalRPF,0,CGATGT,CGATGT-s_7_1
TGACCA,9,totalRPF,1,TGACCA,TGACCA-s_7_1
ACTTGA,9,totalRPF,2,ACTTGA,ACTTGA-s_7_1
ATCACG,8,RNA,0,ATCACG,ATCACG-s_8_1
TTAGGC,8,RNA,1,TTAGGC,TTAGGC-s_8_1
CAGATC,8,RNA,2,CAGATC,CAGATC-s_8_1
TGACCA,9,RNA,0,TGACCA,TGACCA-s_8_1
GCCAAT,9,RNA,1,GCCAAT,GCCAAT-s_8_1
CTTGTA,9,RNA,2,CTTGTA,CTTGTA-s_8_1
ACTTGA,8,totalRPF,0,ACTTGA,ACTTGA-s_7_1
TAGCTT,8,totalRPF,1,TAGCTT,TAGCTT-s_7_1
GGCTAC,8,totalRPF,2,GGCTAC,GGCTAC-s_7_1
ATCACG,9,S15,0,ATCACG,ATCACG-s_7_1
TTAGGC,9,S15,1,TTAGGC,TTAGGC-s_7_1
CAGATC,9,S15,2,CAGATC,CAGATC-s_7_1
